{
    "Bacillus":0.2697953115,
    "Crystal":0.2697953115,
    "Phosphoribosyltransferase":0.2697953115,
    "Xanthine":0.2697953115,
    "haemoglobin":0.0851985194,
    "quaternary":0.0584230108,
    "Cl":0.0567990129,
    "NCS":0.0567990129,
    "methionine":0.0501944766,
    "Hb":0.049004883
}