{"Aromatic Residue":0.1397940009,"Cytochrome":0.1397940009,"Mutants":0.1397940009,"c3":0.1397940009,"NOX":0.0505279521,"polar":0.0225474195,"gas":0.0168426507,"nitric oxide":0.0168426507,"sensor":0.0168426507,"Binding Site":0.0112737097}