{"Aromatic Residue":13979401.0867203772,"Cytochrome":13979401.0867203772,"Mutants":13979401.0867203772,"c3":13979401.0867203772,"NOX":5052796.2120676059,"polar":2254742.9494710285,"gas":1684266.0706892023,"nitric oxide":1684266.0706892023,"sensor":1684266.0706892023,"Binding Site":1127371.9747355143}