{"Bacillus":26979532.1511906199,"Crystal":26979532.1511906199,"Phosphoribosyltransferase":26979532.1511906199,"Xanthine":26979532.1511906199,"haemoglobin":8519852.9424812477,"quaternary":5842302.0781999482,"Cl":5679902.2949874997,"NCS":5679902.2949874997,"methionine":5019448.6560354643,"Hb":4900489.3015066711}