{"Sr":8767902.412773449,"ATCC":7781513.5038364362,"sulfite":5693790.6369534899,"aromatic ring":4489335.1368287131,"Ca":4383951.7063867245,"Haem":3890757.2519182186,"Hmc":3890757.2519182186,"enzymatic":3890757.2519182186,"member":3890757.2519182186,"nitrate":3890757.2519182186}