{"Sr":1734042.7835847212,"sulfite":1300532.3376885408,"Ca":867021.8917923606,"Cu":650266.6688442704,"aromatic ring":650266.6688442704,"copper":650266.6688442704,"redox":531612.4258714902,"ATCC":433511.4458961803,"W3":433511.4458961803,"photosystem II":433511.4458961803}