{"quaternary":1777243.4960904336,"transitions":862551.130842353,"alpha1":690041.1046738824,"ligand binding":690041.1046738824,"porphyrin":690041.1046738824,"Hb":632537.7626177255,"interface":546282.7495334903,"High":517531.0785054118,"Noble":517531.0785054118,"et al":517531.0785054118}