{"NOX":1476698.1922591948,"gas":492233.3974197315,"nitric oxide":492233.3974197315,"polar":492233.3974197315,"sensor":492233.3974197315,"characterization":280240.4427267871,"Aromatic Residue":246117.1987098658,"Binding Site":246117.1987098658,"Coarse-grained molecular dynamics simulations":246117.1987098658,"Cytochrome":246117.1987098658}