{"Sr":0.0876790141,"ATCC":0.077815125,"sulfite":0.0569378964,"aromatic ring":0.0448933414,"Ca":0.0438395071,"Haem":0.0389075625,"Hmc":0.0389075625,"enzymatic":0.0389075625,"member":0.0389075625,"nitrate":0.0389075625}